source,can_id,count,mean_iat_ms,std_iat_ms,min_iat_ms,max_iat_ms,mean_dlc,mean_entropy,std_entropy,byte0_mean,byte0_std,byte0_min,byte0_max,byte0_unique_vals,byte1_mean,byte1_std,byte1_min,byte1_max,byte1_unique_vals,byte2_mean,byte2_std,byte2_min,byte2_max,byte2_unique_vals,byte3_mean,byte3_std,byte3_min,byte3_max,byte3_unique_vals,byte4_mean,byte4_std,byte4_min,byte4_max,byte4_unique_vals,byte5_mean,byte5_std,byte5_min,byte5_max,byte5_unique_vals,byte6_mean,byte6_std,byte6_min,byte6_max,byte6_unique_vals,byte7_mean,byte7_std,byte7_min,byte7_max,byte7_unique_vals
attack_free,0x18,5191,199.88536743737956,4.200234270562817,29.888000000028114,200.2949999999828,8.0,2.147737553277255,0.22813382998002119,40.0,0.0,40,40,1,0.0,0.0,0,0,1,0.29531882103640916,0.45622988985715546,0.0,1.0,2,112.0,0.0,112.0,112.0,1,0.295511462146022,0.456316283398695,0.0,1.0,2,0.0,0.0,0.0,0.0,1,32.0,0.0,32.0,32.0,1,16.0,0.0,16.0,16.0,1
attack_free,0x34,1038,1000.0048543876566,0.10576453994379797,999.7139999999831,1000.295000000051,8.0,0.0,0.0,0.0,0.0,0,0,1,0.0,0.0,0,0,1,0.0,0.0,0.0,0.0,1,0.0,0.0,0.0,0.0,1,0.0,0.0,0.0,0.0,1,0.0,0.0,0.0,0.0,1,0.0,0.0,0.0,0.0,1,0.0,0.0,0.0,0.0,1
attack_free,0x42,1038,1000.049912246866,0.12765712807270216,999.4380000000547,1000.536000000011,8.0,0.9544340029249647,3.332274602565425e-16,255.0,0.0,255,255,1,0.0,0.0,0,0,1,255.0,0.0,255.0,255.0,1,255.0,0.0,255.0,255.0,1,0.0,0.0,0.0,0.0,1,0.0,0.0,0.0,0.0,1,0.0,0.0,0.0,0.0,1,0.0,0.0,0.0,0.0,1
attack_free,0x43,1038,1000.0499151398266,0.128183182161102,999.4400000000496,1000.5380000000059,8.0,0.5435644431995963,1.1107582008551418e-16,1.0,0.0,1,1,1,0.0,0.0,0,0,1,0.0,0.0,0.0,0.0,1,0.0,0.0,0.0,0.0,1,0.0,0.0,0.0,0.0,1,0.0,0.0,0.0,0.0,1,0.0,0.0,0.0,0.0,1,0.0,0.0,0.0,0.0,1
attack_free,0x44,1038,1000.0499180327869,0.3066635490807407,999.005000000011,1001.0219999999777,8.0,1.0612781244591327,2.2215164017102837e-16,0.0,0.0,0,0,1,0.0,0.0,0,0,1,0.0,0.0,0.0,0.0,1,255.0,0.0,255.0,255.0,1,111.0,0.0,111.0,111.0,1,0.0,0.0,0.0,0.0,1,0.0,0.0,0.0,0.0,1,0.0,0.0,0.0,0.0,1
attack_free,0x50,5191,199.885370327553,4.0946201475403425,40.002000000015414,200.2729999999815,4.0,0.8112781244591326,2.2206599547514355e-16,0.0,0.0,0,0,1,128.59083028318244,0.9124406198093812,128,130,3,0.0,0.0,0.0,0.0,1,0.0,0.0,0.0,0.0,1,,,,,0,,,,,0,,,,,0,,,,,0
attack_free,0x80,103759,10.000032045721776,0.39929085120382046,8.243999999990592,11.609999999961929,8.0,2.5034338743340956,0.23518076192703619,0.0,0.0,0,0,1,23.0,0.0,23,23,1,192.63194518065902,57.92456193472796,0.0,254.0,128,9.131448838173075,0.3388890500437167,9.0,11.0,3,25.953045037057027,3.543466121776292,20.0,36.0,17,22.852571825094692,1.1887119156924273,19.0,26.0,6,26.02889387908519,3.5648778134418806,20.0,36.0,17,127.65788028026485,73.74631130896906,0.0,255.0,256
attack_free,0x81,103759,10.0000320649974,0.40082562524034787,8.246000000013964,11.957000000052176,8.0,1.99362558330074,0.04338171546627687,127.0,0.0,127,127,1,132.0,0.0,132,132,1,104.07671623666381,4.93335891783555,96.0,112.0,17,0.0,0.0,0.0,0.0,1,0.0,0.0,0.0,0.0,1,0.0,0.0,0.0,0.0,1,0.0,0.0,0.0,0.0,1,127.499667498723,74.07289925265819,0.0,255.0,256
attack_free,0xa0,10376,100.00083624096384,4.309674176405503,89.99399999999991,110.24499999999193,8.0,2.744472314413654,0.039632492459096155,67.7124132613724,4.889603834169624,62,79,18,125.22340015420201,3.028032220270074,117,131,15,192.29838087895143,56.813794534658456,0.0,254.0,127,9.128951426368543,0.33516232233810783,9.0,10.0,2,0.0,0.0,0.0,0.0,1,35.94255975327679,0.8317648887541127,34.0,38.0,5,0.0,0.0,0.0,0.0,1,2.0,0.0,2.0,2.0,1
attack_free,0xa1,10376,100.00083662650601,4.344815518671074,89.98900000000009,110.27400000000398,8.0,1.9261016736355419,0.16212981759045564,128.04616422513493,1.2696603221357352,124,137,14,137.20451040863531,2.3778096413291108,134,139,6,128.0,0.0,128.0,128.0,1,128.0,0.0,128.0,128.0,1,36.53681572860447,2.069629764729148,34.0,41.0,8,0.0,0.0,0.0,0.0,1,0.0,0.0,0.0,0.0,1,0.0,0.0,0.0,0.0,1
attack_free,0x110,10376,100.00046727710844,0.13309506870971785,99.10899999999856,100.89400000001092,8.0,2.0,0.0,224.0,0.0,224,224,1,60.0,0.0,60,60,1,48.0,0.0,48.0,48.0,1,9.0,0.0,9.0,9.0,1,0.0,0.0,0.0,0.0,1,0.0,0.0,0.0,0.0,1,0.0,0.0,0.0,0.0,1,0.0,0.0,0.0,0.0,1
attack_free,0x120,5188,200.00091652207442,0.11668123034595128,199.387999999999,200.64299999999946,4.0,0.0,0.0,0.0,0.0,0,0,1,0.0,0.0,0,0,1,0.0,0.0,0.0,0.0,1,0.0,0.0,0.0,0.0,1,,,,,0,,,,,0,,,,,0,,,,,0
attack_free,0x153,126997,8.17020717187943,3.3372531144531394,0.01499999996212864,11.083999999982552,7.29390458042316,2.2280164580002766,0.7017651797433307,0.0,0.0,0,0,1,128.0,0.0,128,128,1,16.0,0.0,16.0,16.0,1,255.0,0.0,255.0,255.0,1,0.0,0.0,0.0,0.0,1,255.0,0.0,255.0,255.0,1,111.99502539123225,69.12535253348518,0.0,224.0,15,134.53546136041732,76.14876130523697,14.0,254.0,15
attack_free,0x164,126605,8.19550813560393,3.3297657246216192,0.03300000000194814,13.342999999963467,7.291718336558588,1.3276240934546766,0.47481285868113593,0.0,0.0,0,0,1,8.0,0.0,8,8,1,0.0,0.0,0.0,0.0,1,0.0,0.0,0.0,0.0,1,0.0,0.0,0.0,0.0,1,0.0,0.0,0.0,0.0,1,7.500277305972477,4.609502682511308,0.0,15.0,16,7.502339769142778,4.610180728847312,0.0,15.0,16
attack_free,0x165,103757,10.000230492694397,0.14138817322672542,8.585000000010723,11.408999999986236,8.0,2.373329166756415,0.10686637424416567,26.740200661160213,44.505723719335016,0,255,217,212.3100802837399,48.4939954331919,7,248,32,127.08146920207793,0.31912123019811783,126.0,131.0,6,0.0,0.0,0.0,0.0,1,0.0,0.0,0.0,0.0,1,0.0,0.0,0.0,0.0,1,7.499812060873001,4.609726488883787,0.0,15.0,16,148.26592904575114,37.48659609654529,0.0,255.0,255
attack_free,0x18f,103759,10.000028026754565,0.7095768895165113,7.2999999999865395,12.903999999991811,8.0,1.5487949406953982,2.220456749344278e-16,0.0,0.0,0,0,1,45.150348403511984,3.745681946164726,41,54,14,26.02889387908519,3.5648778134418806,20.0,36.0,17,0.0,0.0,0.0,0.0,1,0.0,0.0,0.0,0.0,1,63.30929365163504,1.0593254082984283,63.0,69.0,7,0.0,0.0,0.0,0.0,1,0.0,0.0,0.0,0.0,1
attack_free,0x1f1,74694,13.891175866547067,7.877415302041635,0.03400000002784509,21.47199999998861,6.799475192117171,0.0,0.0,0.0,0.0,0,0,1,0.0,0.0,0,0,1,0.0,0.0,0.0,0.0,1,0.0,0.0,0.0,0.0,1,0.0,0.0,0.0,0.0,1,0.0,0.0,0.0,0.0,1,0.0,0.0,0.0,0.0,1,0.0,0.0,0.0,0.0,1
attack_free,0x220,126980,8.171301057655203,3.3515602523852883,0.028000000014571924,11.90099999999461,7.293810048826587,2.559523153252481,0.8027454319996464,237.6362387817329,1.8463243399826916,229,249,21,3.0,0.0,3,3,1,145.87394079691805,122.32825980405065,0.0,255.0,31,3.4230852285978353,0.49405083371444675,3.0,4.0,2,10.626702714842232,1.4951657183788571,9.0,24.0,3,0.0,0.0,0.0,0.0,1,60.07595166319717,3.996105858004716,45.0,139.0,34,16.0,0.0,16.0,16.0,1
attack_free,0x260,103759,10.000011179860829,0.8110361446404509,6.799999999998363,13.273000000026514,8.0,2.9882443932574523,0.05292196508483215,5.0,0.0,5,5,1,26.02889387908519,3.5648778134418806,20,36,17,0.0,0.0,0.0,0.0,1,48.0,0.0,48.0,48.0,1,255.0,0.0,255.0,255.0,1,141.87255081486907,1.5308549114532295,139.0,148.0,10,94.51254349020326,2.6315271578160266,73.0,113.0,20,32.0809568326603,17.662892595701738,0.0,63.0,64
attack_free,0x2a0,103759,10.00001107384491,0.7968267878646406,6.093999999990274,13.388000000020384,8.0,2.9336684046685106,0.11037724272367169,113.99922898254609,73.32149714210193,2,194,4,0.0,0.0,0,0,1,104.07671623666381,4.93335891783555,96.0,112.0,17,157.0,0.0,157.0,157.0,1,219.0,0.0,219.0,219.0,1,12.0,0.0,12.0,12.0,1,186.0,0.0,186.0,186.0,1,2.0,0.0,2.0,2.0,1
attack_free,0x2b0,103757,10.000234453911098,0.39509927685816426,6.670999999982996,13.361000000003287,5.0,1.9238900176669524,0.09351850842955461,28.61383810248947,6.345303223845865,15,58,42,0.0,0.0,0,0,1,0.02731381979047197,0.16685396813312744,0.0,3.0,4,7.0,0.0,7.0,7.0,1,127.64407220717638,74.72132438190002,0.0,255.0,253,,,,,0,,,,,0,,,,,0
attack_free,0x2c0,32792,31.64069031136592,31.84751677662013,0.046999999995023245,95.4229999999825,5.265430592827519,0.3577626060495513,0.25782741638185674,61.0,0.0,61,61,1,0.0,0.0,0,0,1,0.0,0.0,0.0,0.0,1,0.0,0.0,0.0,0.0,1,0.0,0.0,0.0,0.0,1,0.0,0.0,0.0,0.0,1,0.0,0.0,0.0,0.0,1,0.0,0.0,0.0,0.0,1
attack_free,0x316,103759,10.00003000250583,0.798514658427394,5.8530000000018845,14.111000000070817,8.0,2.7369350110742583,0.14632385567196818,5.0,0.0,5,5,1,25.953045037057027,3.543466121776292,20,36,17,192.63194518065902,57.92456193472796,0.0,254.0,128,9.131448838173075,0.3388890500437167,9.0,11.0,3,26.02889387908519,3.5648778134418806,20.0,36.0,17,22.852571825094692,1.1887119156924273,19.0,26.0,6,0.0,0.0,0.0,0.0,1,127.0,0.0,127.0,127.0,1
attack_free,0x329,103759,10.000041317296017,0.6837268485709579,6.511999999986529,13.869999999997162,8.0,3.0,0.0,106.7534478936767,75.25680666543558,15,215,4,177.7565416012105,4.06336902136816,167,186,20,127.0,0.0,127.0,127.0,1,140.0,0.0,140.0,140.0,1,17.0,0.0,17.0,17.0,1,45.0665484439904,0.9863634057063548,43.0,48.0,6,0.0,0.0,0.0,0.0,1,16.0,0.0,16.0,16.0,1
attack_free,0x350,51877,20.00099757113116,0.416314292722383,16.417000000018334,23.335000000002992,8.0,2.7458531972559945,0.032407053407265476,5.0,0.0,5,5,1,32.0,0.0,32,32,1,123.99460261773041,73.75589547116927,4.0,244.0,16,121.0,0.0,121.0,121.0,1,127.93976135859822,3.645716319117851,123.0,136.0,14,0.0,0.0,0.0,0.0,1,0.0,0.0,0.0,0.0,1,127.72802976270795,73.84594560879847,0.0,255.0,224
attack_free,0x370,103755,10.000422007826206,0.4321545820156948,6.355999999982487,13.744999999971697,8.0,2.1556390622295676,1.332274049854077e-15,255.0,0.0,255,255,1,32.0,0.0,32,32,1,0.0,0.0,0.0,0.0,1,128.0,0.0,128.0,128.0,1,255.0,0.0,255.0,255.0,1,0.0,0.0,0.0,0.0,1,0.0,0.0,0.0,0.0,1,134.00090598043468,72.58110211404656,40.0,236.0,4
attack_free,0x382,51880,20.000050097341894,0.5275672580423131,16.7749999999387,23.203000000080465,8.0,1.8871987351738497,0.19537940483949148,64.0,0.0,64,64,1,254.0,0.0,254,254,1,15.0,0.0,15.0,15.0,1,0.0,0.0,0.0,0.0,1,0.0,0.0,0.0,0.0,1,0.0,0.0,0.0,0.0,1,0.0,0.0,0.0,0.0,1,6.0,4.472179056393249,0.0,12.0,4
attack_free,0x43f,103755,10.000415058696534,0.5276869098930684,6.0320000000047,14.385000000004311,8.0,2.955937063274059,0.0988221576903732,16.0,0.0,16,16,1,80.0,0.0,80,80,1,96.0,0.0,96.0,96.0,1,255.0,0.0,255.0,255.0,1,88.55983808009253,6.501827102063585,75.0,98.0,24,125.15645511059708,97.31943136015137,0.0,252.0,64,8.502279408221291,0.4999972137859767,8.0,9.0,2,0.0,0.0,0.0,0.0,1
attack_free,0x440,103755,10.000417304393086,0.4942375094235752,6.248000000027787,14.177999999986923,8.0,2.03896144312627,0.19068696605606258,255.0,0.0,255,255,1,119.99961447641077,89.4434949545307,0,240,4,0.0,0.0,0.0,0.0,1,0.0,0.0,0.0,0.0,1,255.0,0.0,255.0,255.0,1,123.310375403595,97.19900566669097,0.0,252.0,64,8.51730519011132,0.49970284875566234,8.0,9.0,2,0.0,0.0,0.0,0.0,1
attack_free,0x4b0,74694,13.891183310350367,7.894806239072002,0.18699999998261774,23.10099999999693,6.799475192117171,0.0,0.0,0.0,0.0,0,0,1,0.0,0.0,0,0,1,0.0,0.0,0.0,0.0,1,0.0,0.0,0.0,0.0,1,0.0,0.0,0.0,0.0,1,0.0,0.0,0.0,0.0,1,0.0,0.0,0.0,0.0,1,0.0,0.0,0.0,0.0,1
attack_free,0x4b1,74689,13.89221253748929,7.8871857380406905,0.18099999999776628,23.18299999996043,6.799394823869646,0.6895250350207626,0.2897463154075194,0.0,0.0,0,0,1,1.0,0.0,1,1,1,0.0,0.0,0.0,0.0,1,0.0,0.0,0.0,0.0,1,0.0,0.0,0.0,0.0,1,0.0,0.0,0.0,0.0,1,0.0,0.0,0.0,0.0,1,1.0,0.0,1.0,1.0,1
attack_free,0x4f0,51882,19.99898269115861,1.171288699774859,14.471999999955187,25.53899999998066,8.0,1.99060966705066,0.05449673001503559,0.0,0.0,0,0,1,0.0,0.0,0,0,1,126.97347827763001,73.93001074799429,0.0,254.0,128,0.0,0.0,0.0,0.0,1,0.0,0.0,0.0,0.0,1,206.0,0.0,206.0,206.0,1,210.0,0.0,210.0,210.0,1,4.0,0.0,4.0,4.0,1
attack_free,0x4f1,10376,99.99465802409641,0.7038015086186222,95.79800000000205,104.13500000001363,8.0,1.0612781244591327,2.220553056120053e-16,192.0,0.0,192,192,1,22.0,0.0,22,22,1,0.0,0.0,0.0,0.0,1,0.0,0.0,0.0,0.0,1,0.0,0.0,0.0,0.0,1,0.0,0.0,0.0,0.0,1,0.0,0.0,0.0,0.0,1,0.0,0.0,0.0,0.0,1
attack_free,0x4f2,51882,19.99899903625605,1.1592994613260044,14.583000000016,25.46699999993507,8.0,1.5175222050898571,0.11867123555847935,0.0,0.0,0,0,1,0.0,0.0,0,0,1,120.01881191935546,73.7745229878454,0.0,240.0,16,56.0,0.0,56.0,56.0,1,0.0,0.0,0.0,0.0,1,0.0,0.0,0.0,0.0,1,0.0,0.0,0.0,0.0,1,191.486739138815,36.965005373997144,128.0,255.0,128
attack_free,0x510,10376,100.00022255421686,0.4629493427875605,97.23100000000073,102.90500000002112,8.0,0.0,0.0,0.0,0.0,0,0,1,0.0,0.0,0,0,1,0.0,0.0,0.0,0.0,1,0.0,0.0,0.0,0.0,1,0.0,0.0,0.0,0.0,1,0.0,0.0,0.0,0.0,1,0.0,0.0,0.0,0.0,1,0.0,0.0,0.0,0.0,1
attack_free,0x517,5188,200.00043628301523,0.532024161158737,197.5400000000036,202.5719999999751,8.0,0.0,0.0,0.0,0.0,0,0,1,0.0,0.0,0,0,1,0.0,0.0,0.0,0.0,1,0.0,0.0,0.0,0.0,1,0.0,0.0,0.0,0.0,1,0.0,0.0,0.0,0.0,1,0.0,0.0,0.0,0.0,1,0.0,0.0,0.0,0.0,1
attack_free,0x51a,5188,199.98942934258727,0.7822884403737309,195.75800000006893,204.17399999996633,8.0,0.5435644431995963,1.1103300392308923e-16,0.0,0.0,0,0,1,3.0,0.0,3,3,1,0.0,0.0,0.0,0.0,1,0.0,0.0,0.0,0.0,1,0.0,0.0,0.0,0.0,1,0.0,0.0,0.0,0.0,1,0.0,0.0,0.0,0.0,1,0.0,0.0,0.0,0.0,1
attack_free,0x545,103759,10.00001801306887,0.7310361321658937,6.017000000042572,14.024000000006254,8.0,2.347754711847846,0.13811249497728859,216.0,0.0,216,216,1,14.502587727329677,2.452114803537264,7,25,16,0.0,0.0,0.0,0.0,1,138.5204849699785,0.9733243509657376,136.0,142.0,7,35.775267687622275,53.727008035002854,0.0,255.0,115,12.310209234861555,54.65885927315635,0.0,255.0,2,32.66130167021656,45.90886426562444,0.0,255.0,113,8.05115700806677,44.589719330971946,0.0,255.0,2
attack_free,0x587,10375,100.00345401966456,0.7745255548551172,95.02200000002858,103.91699999999915,8.0,0.5073093497351028,0.13562566437309814,0.0,0.0,0,0,1,0.0,0.0,0,0,1,0.0,0.0,0.0,0.0,1,0.0,0.0,0.0,0.0,1,0.0,0.0,0.0,0.0,1,0.0,0.0,0.0,0.0,1,0.0,0.0,0.0,0.0,1,7.000963855421687,4.321408348430552,0.0,14.0,15
attack_free,0x59b,10376,100.00426467469879,0.7403341093485064,95.8349999999939,104.1800000000137,8.0,0.4076733323996973,0.2353816510764646,0.0,0.0,0,0,1,0.0,0.0,0,0,1,0.0,0.0,0.0,0.0,1,0.0,0.0,0.0,0.0,1,0.0,0.0,0.0,0.0,1,0.0,0.0,0.0,0.0,1,0.0,0.0,0.0,0.0,1,102.0,72.58448704121388,0.0,196.0,4
attack_free,0x5a0,23454,44.23623391463778,44.5427325240627,0.07200000004559115,97.37399999994523,4.177027372729598,0.0,0.0,0.0,0.0,0,0,1,0.0,0.0,0,0,1,0.0,0.0,0.0,0.0,1,0.0,0.0,0.0,0.0,1,0.0,0.0,0.0,0.0,1,0.0,0.0,0.0,0.0,1,0.0,0.0,0.0,0.0,1,0.0,0.0,0.0,0.0,1
attack_free,0x5a2,23452,44.24019815786107,44.633487244263236,0.06599999997547457,97.40499999998065,2.088350673716527,1.0441753368582636,0.9990450933285717,37.0,0.0,37,37,1,0.0,0.0,0,0,1,165.0,0.0,165.0,165.0,1,1.0,0.0,1.0,1.0,1,,,,,0,,,,,0,,,,,0,,,,,0
attack_free,0x5e4,10375,100.00227164064006,0.84619164748479,95.82400000002167,104.20799999999986,3.0,0.9182958340544898,2.2205530664347136e-16,0.0,0.0,0,0,1,2.0,0.0,2,2,1,0.0,0.0,0.0,0.0,1,,,,,0,,,,,0,,,,,0,,,,,0,,,,,0
attack_free,0x5f0,5189,199.96372320740167,0.7418888655095678,195.319000000012,204.6139999999923,2.0,0.0,0.0,0.0,0.0,0,0,1,0.0,0.0,0,0,1,,,,,0,,,,,0,,,,,0,,,,,0,,,,,0,,,,,0
attack_free,0x690,10376,99.99468433734938,1.0127034972391458,95.24000000010346,104.85499999998638,8.0,2.6972108472809357,0.11155378753886556,3.0,0.0,3,3,1,0.0,0.0,0,0,1,1.0,0.0,1.0,1.0,1,32.0,0.0,32.0,32.0,1,137.45566692367,14.60110445330677,128.0,160.0,2,0.0,0.0,0.0,0.0,1,30.00308404009252,18.444994492085954,0.0,60.0,16,8.0,0.0,8.0,8.0,1
dos,0x0,335624,0.9126217720478036,1.15886735821276,0.3279999999961092,293.3929999999805,8.0,0.0,0.0,0.0,0.0,0,0,1,0.0,0.0,0,0,1,0.0,0.0,0.0,0.0,1,0.0,0.0,0.0,0.0,1,0.0,0.0,0.0,0.0,1,0.0,0.0,0.0,0.0,1,0.0,0.0,0.0,0.0,1,0.0,0.0,0.0,0.0,1
dos,0x18,820,372.89490842490846,366.9040479233294,185.29300000000148,4400.233999999998,8.0,2.0,0.0,40.0,0.0,40,40,1,0.0,0.0,0,0,1,0.0,0.0,0.0,0.0,1,96.0,0.0,96.0,96.0,1,0.0,0.0,0.0,0.0,1,0.0,0.0,0.0,0.0,1,160.0,0.0,160.0,160.0,1,20.0,0.0,20.0,20.0,1
dos,0x34,163,1882.7248086419756,1508.7574724997498,999.5229999999999,8000.264999999992,8.0,0.0,0.0,0.0,0.0,0,0,1,0.0,0.0,0,0,1,0.0,0.0,0.0,0.0,1,0.0,0.0,0.0,0.0,1,0.0,0.0,0.0,0.0,1,0.0,0.0,0.0,0.0,1,0.0,0.0,0.0,0.0,1,0.0,0.0,0.0,0.0,1
dos,0x42,163,1858.062938271605,1502.5967554232984,999.5859999999652,9000.11699999999,8.0,0.9544340029249649,1.1136443671719465e-16,255.0,0.0,255,255,1,0.0,0.0,0,0,1,255.0,0.0,255.0,255.0,1,255.0,0.0,255.0,255.0,1,0.0,0.0,0.0,0.0,1,0.0,0.0,0.0,0.0,1,0.0,0.0,0.0,0.0,1,0.0,0.0,0.0,0.0,1
dos,0x43,158,1936.3462038216564,1586.946638781735,999.5820000000037,9000.484,8.0,0.5435644431995965,1.1137531544385829e-16,1.0,0.0,1,1,1,0.0,0.0,0,0,1,0.0,0.0,0.0,0.0,1,0.0,0.0,0.0,0.0,1,0.0,0.0,0.0,0.0,1,0.0,0.0,0.0,0.0,1,0.0,0.0,0.0,0.0,1,0.0,0.0,0.0,0.0,1
dos,0x44,151,1960.0375066666666,1758.3222106327912,998.4940000000222,11000.411000000015,8.0,1.061278124459133,0.0,0.0,0.0,0,0,1,0.0,0.0,0,0,1,0.0,0.0,0.0,0.0,1,255.0,0.0,255.0,255.0,1,88.0,0.0,88.0,88.0,1,0.0,0.0,0.0,0.0,1,0.0,0.0,0.0,0.0,1,0.0,0.0,0.0,0.0,1
dos,0x50,664,461.54065158371037,550.9452399786935,195.43,6199.922999999998,4.0,0.0,0.0,0.0,0.0,0,0,1,0.0,0.0,0,0,1,0.0,0.0,0.0,0.0,1,0.0,0.0,0.0,0.0,1,,,,,0,,,,,0,,,,,0,,,,,0
dos,0x80,15612,19.62048209595798,20.480287379352088,8.317999999995607,350.1329999999996,8.0,2.6470056157857633,0.1944015250829808,0.0,0.0,0,0,1,23.0,0.0,23,23,1,188.0878811170894,64.08626292212928,0.0,254.0,126,9.09774532410966,0.29848555837316754,8.0,10.0,3,24.11004355623879,1.6449842074472136,20.0,36.0,17,18.75012810658468,1.9491362204524405,16.0,23.0,6,24.169549064821933,1.637319468614647,20.0,36.0,17,126.90417627466051,73.51351787313048,0.0,255.0,256
dos,0x81,15700,19.510502707178798,20.469580065685744,8.344999999999825,350.3849999999886,8.0,1.9793786285134127,0.08600168926730843,64.0,0.0,64,64,1,132.0,0.0,132,132,1,136.09745222929936,0.7167429786409995,135.0,137.0,3,0.0,0.0,0.0,0.0,1,0.0,0.0,0.0,0.0,1,0.0,0.0,0.0,0.0,1,0.0,0.0,0.0,0.0,1,127.38993630573249,70.82530901514868,0.0,242.0,48
dos,0xa0,1523,201.120017739816,197.8598674230424,92.28799999999637,1891.4760000000115,8.0,2.7413523955556665,0.0507891141013749,66.97701904136572,2.5819289698377936,64,88,22,131.16480630334866,3.51901476642544,123,136,14,188.0801050558109,64.42754197573386,0.0,254.0,93,9.095206828627708,0.3024158203796363,8.0,10.0,3,0.0,0.0,0.0,0.0,1,35.48391332895601,0.5891907837071133,33.0,41.0,7,0.0,0.0,0.0,0.0,1,2.0,0.0,2.0,2.0,1
dos,0xa1,1551,197.4868825806452,215.04607654504443,91.80200000000127,3108.812999999998,8.0,1.9968911121935509,0.17171106959036894,128.2695035460993,1.0762382269351192,124,135,10,143.78272082527403,0.43830827133521777,142,144,3,128.0,0.0,128.0,128.0,1,128.0,0.0,128.0,128.0,1,36.163765312701486,1.200645958015618,34.0,45.0,12,0.0,0.0,0.0,0.0,1,0.0,0.0,0.0,0.0,1,0.0,0.0,0.0,0.0,1
dos,0x110,1552,197.293110896196,193.52346847621473,65.19800000000231,1900.1690000000053,8.0,2.0,0.0,224.0,0.0,224,224,1,60.0,0.0,60,60,1,48.0,0.0,48.0,48.0,1,9.0,0.0,9.0,9.0,1,0.0,0.0,0.0,0.0,1,0.0,0.0,0.0,0.0,1,0.0,0.0,0.0,0.0,1,0.0,0.0,0.0,0.0,1
dos,0x120,685,447.07827777777777,467.2346369251231,199.48600000000738,4000.39799999999,4.0,0.8112781244591327,1.1110342947550617e-16,0.0,0.0,0,0,1,18.0,0.0,18,18,1,0.0,0.0,0.0,0.0,1,0.0,0.0,0.0,0.0,1,,,,,0,,,,,0,,,,,0,,,,,0
dos,0x153,18401,16.646061032608696,18.346208152942925,0.03499999999689862,307.20099999996364,7.488723438943536,2.286822694147036,0.607786401345818,0.0,0.0,0,0,1,128.0,0.0,128,128,1,16.0,0.0,16.0,16.0,1,255.0,0.0,255.0,255.0,1,0.0,0.0,0.0,0.0,1,255.0,0.0,255.0,255.0,1,111.83373004354137,69.21132402719644,0.0,224.0,15,134.47605224963715,76.11827416031257,14.0,254.0,15
dos,0x164,17271,17.734919108280252,19.661570859726158,0.035999999994373866,369.0330000000017,7.429795611140062,1.3524860757620765,0.4425078862126224,0.0,0.0,0,0,1,8.0,0.0,8,8,1,0.0,0.0,0.0,0.0,1,0.0,0.0,0.0,0.0,1,0.0,0.0,0.0,0.0,1,0.0,0.0,0.0,0.0,1,7.510598503740648,4.579916405605518,0.0,15.0,16,7.474688279301746,4.62731464950004,0.0,15.0,16
dos,0x165,15792,19.396270343866757,20.338650165738866,7.345000000000823,339.6410000000003,8.0,2.1632712928774724,0.25018059440305435,32.712575987841944,78.23754659089133,0,255,45,58.36252532928065,90.06239632398548,7,248,19,127.76285460992908,0.4253456363990029,127.0,128.0,2,0.0,0.0,0.0,0.0,1,0.0,0.0,0.0,0.0,1,0.0,0.0,0.0,0.0,1,7.532041540020264,4.611207838422994,0.0,15.0,16,141.8735435663627,20.41362307376584,36.0,244.0,147
dos,0x18f,15849,19.327037354871276,20.43682498177744,5.733000000020638,310.4579999999828,8.0,1.4942173648231034,0.10327804790274055,0.0,0.0,0,0,1,58.08448482554105,4.32639401643263,47,63,17,24.15969461795697,1.6371509732025276,20.0,36.0,17,0.0,0.0,0.0,0.0,1,0.0,0.0,0.0,0.0,1,63.0,0.0,63.0,63.0,1,0.0,0.0,0.0,0.0,1,0.0,0.0,0.0,0.0,1
dos,0x1f1,10858,28.210166528506956,31.720432458194857,0.035999999994373866,476.4989999999898,7.070178670104991,0.0,0.0,0.0,0.0,0,0,1,0.0,0.0,0,0,1,0.0,0.0,0.0,0.0,1,0.0,0.0,0.0,0.0,1,0.0,0.0,0.0,0.0,1,0.0,0.0,0.0,0.0,1,0.0,0.0,0.0,0.0,1,0.0,0.0,0.0,0.0,1
dos,0x220,18274,16.76178191867783,19.09376025368161,0.03699999999184911,405.33199999998715,7.469410090839444,2.5923169530480465,0.6949191068016277,191.75993435705075,2.4578587748556626,182,200,19,3.0,0.0,3,3,1,194.99595592544836,96.49765406757932,0.0,255.0,41,3.2007384831789945,0.4005645373754085,3.0,4.0,2,11.408334310162935,1.1968281268717615,9.0,18.0,4,0.0,0.0,0.0,0.0,1,62.78882897667331,4.254340941392697,49.0,80.0,32,16.0,0.0,16.0,16.0,1
dos,0x260,15444,19.831943663795897,21.358055040728,2.0269999999982247,317.91899999996076,8.0,2.986515799015799,0.056475066054558494,5.0,0.0,5,5,1,24.15980315980316,1.645835525677597,20,36,17,0.0,0.0,0.0,0.0,1,48.0,0.0,48.0,48.0,1,1.0,0.0,1.0,1.0,1,138.16058016058017,0.9874483012412569,137.0,140.0,4,93.38085988085989,3.303897789906719,61.0,121.0,29,31.751295001295002,17.458009166497195,0.0,63.0,64
dos,0x2a0,15355,19.947566627588905,21.936214797984338,1.7670000000009622,449.6120000000019,8.0,2.93689352002605,0.10860460547277571,113.77596873982417,73.51084298416355,2,194,4,0.0,0.0,0,0,1,136.09462715727776,0.7182789347745779,135.0,137.0,3,157.0,0.0,157.0,157.0,1,188.0,0.0,188.0,188.0,1,12.0,0.0,12.0,12.0,1,183.0,0.0,183.0,183.0,1,2.0,0.0,2.0,2.0,1
dos,0x2b0,14001,21.877537785714285,27.36184975513485,4.740999999995665,438.8259999999775,5.0,2.321928094887362,0.0,56.065638168702236,0.97162156518158,54,58,5,255.0,0.0,255,255,1,0.0,0.0,0.0,0.0,1,7.0,0.0,7.0,7.0,1,128.8570816370259,72.34220020171772,2.0,253.0,80,,,,,0,,,,,0,,,,,0
dos,0x2c0,4343,70.4922125748503,88.57044942733297,0.03399999999942338,1938.4239999999977,5.892700897996776,0.40038283532017244,0.23945910117567965,60.00062519537355,0.02499999755630314,60,61,2,0.0,0.0,0,0,1,0.0,0.0,0.0,0.0,1,0.0,0.0,0.0,0.0,1,0.0,0.0,0.0,0.0,1,0.0,0.0,0.0,0.0,1,0.0,0.0,0.0,0.0,1,0.0,0.0,0.0,0.0,1
dos,0x316,15520,19.736580127585537,20.746496178531252,1.4600000000015712,320.27199999998857,8.0,2.7796268935190476,0.11211363768671502,5.0,0.0,5,5,1,24.11436855670103,1.6479194835872903,20,36,17,188.4640463917526,63.56981259518229,0.0,254.0,124,9.095360824742269,0.29525381731058825,8.0,10.0,3,24.172615979381444,1.6401701089884069,20.0,36.0,17,18.765657216494844,1.959192806198124,16.0,23.0,6,0.0,0.0,0.0,0.0,1,127.0,0.0,127.0,127.0,1
dos,0x329,15383,19.911911910024706,21.644913583884023,3.3680000000089194,330.0960000000259,8.0,3.0,0.0,106.84580380939998,75.40684357988545,15,215,4,185.60040304231944,4.636288193821723,176,191,16,128.0,0.0,128.0,128.0,1,140.0,0.0,140.0,140.0,1,17.0,0.0,17.0,17.0,1,44.51972957160502,0.6911481327850123,41.0,51.0,11,0.0,0.0,0.0,0.0,1,16.0,0.0,16.0,16.0,1
dos,0x350,7764,39.446899652196315,41.060174670199515,9.353000000004386,719.0980000000025,8.0,2.75,0.0,5.0,0.0,5,5,1,32.0,0.0,32,32,1,123.31375579598145,73.87228142205412,4.0,244.0,16,95.0,0.0,95.0,95.0,1,134.55538382277177,0.8291657098197355,134.0,137.0,4,0.0,0.0,0.0,0.0,1,0.0,0.0,0.0,0.0,1,128.6172076249356,73.87677903174853,6.0,249.0,64
dos,0x370,15349,19.95611982017201,21.668881655313502,0.4979999999932261,310.43899999997393,8.0,2.155639062229567,8.882073538919691e-16,255.0,0.0,255,255,1,32.0,0.0,32,32,1,0.0,0.0,0.0,0.0,1,128.0,0.0,128.0,128.0,1,255.0,0.0,255.0,255.0,1,0.0,0.0,0.0,0.0,1,0.0,0.0,0.0,0.0,1,133.99153039285946,72.52167582783943,40.0,236.0,4
dos,0x382,7789,39.32775231124808,38.93289886425375,14.346000000017511,400.46499999999696,8.0,1.888313858731638,0.19474194929592994,64.0,0.0,64,64,1,254.0,0.0,254,254,1,15.0,0.0,15.0,15.0,1,0.0,0.0,0.0,0.0,1,0.0,0.0,0.0,0.0,1,0.0,0.0,0.0,0.0,1,0.0,0.0,0.0,0.0,1,6.0433945307484915,4.479327231965546,0.0,12.0,4
dos,0x43f,15041,20.364762300531915,22.741355249389585,0.968000000000302,460.8470000000011,8.0,2.7205386979754613,0.0806624526923411,0.0,0.0,0,0,1,64.0,0.0,64,64,1,96.0,0.0,96.0,96.0,1,255.0,0.0,255.0,255.0,1,115.46659131706669,0.4988991962647807,115.0,116.0,2,97.72940628947543,25.342366716057807,0.0,252.0,64,8.989428894355429,0.10227439956322482,8.0,9.0,2,0.0,0.0,0.0,0.0,1
dos,0x440,15093,20.294597137556323,21.48149010514563,1.4670000000052141,328.9760000000115,8.0,2.0499325468600342,0.1764937394991857,255.0,0.0,255,255,1,119.84363612270589,89.58056361455479,0,240,4,0.0,0.0,0.0,0.0,1,0.0,0.0,0.0,0.0,1,255.0,0.0,255.0,255.0,1,100.00238521168754,26.03891142448234,0.0,252.0,64,8.988736500364407,0.10553374402473815,8.0,9.0,2,0.0,0.0,0.0,0.0,1
dos,0x4b0,10690,28.653097764056508,31.560971967383182,0.032000000004472895,361.2489999999866,7.115434985968195,0.0,0.0,0.0,0.0,0,0,1,0.0,0.0,0,0,1,0.0,0.0,0.0,0.0,1,0.0,0.0,0.0,0.0,1,0.0,0.0,0.0,0.0,1,0.0,0.0,0.0,0.0,1,0.0,0.0,0.0,0.0,1,0.0,0.0,0.0,0.0,1
dos,0x4b1,10472,29.25051274949862,33.267405731506585,0.04200000000764703,689.5310000000165,7.112299465240642,0.721256621344015,0.2548230876271425,0.0,0.0,0,0,1,0.0,0.0,0,0,1,1.0,0.0,1.0,1.0,1,0.0,0.0,0.0,0.0,1,0.0,0.0,0.0,0.0,1,0.0,0.0,0.0,0.0,1,0.0,0.0,0.0,0.0,1,1.0,0.0,1.0,1.0,1
dos,0x4f0,1184,258.0175088757396,448.549032864938,0.45399999999062857,4509.247000000016,8.0,1.9928519800233528,0.05080876366667295,0.0,0.0,0,0,1,0.0,0.0,0,0,1,127.22972972972973,76.80224308102498,0.0,254.0,128,0.0,0.0,0.0,0.0,1,0.0,0.0,0.0,0.0,1,147.0,0.0,147.0,147.0,1,205.0,0.0,205.0,205.0,1,4.0,0.0,4.0,4.0,1
dos,0x4f1,453,675.2774402654867,794.4057143155385,3.479999999996153,4478.4940000000115,8.0,1.0612781244591327,2.2229009378378163e-16,128.0,0.0,128,128,1,24.0,0.0,24,24,1,0.0,0.0,0.0,0.0,1,0.0,0.0,0.0,0.0,1,0.0,0.0,0.0,0.0,1,0.0,0.0,0.0,0.0,1,0.0,0.0,0.0,0.0,1,0.0,0.0,0.0,0.0,1
dos,0x4f2,840,364.2478367103695,611.9097931047944,0.9750000000003922,5519.867000000005,8.0,1.5481997026001604,0.012191478928550594,0.0,0.0,0,0,1,0.0,0.0,0,0,1,127.29523809523809,73.5559493777262,2.0,242.0,16,56.0,0.0,56.0,56.0,1,0.0,0.0,0.0,0.0,1,0.0,0.0,0.0,0.0,1,0.0,0.0,0.0,0.0,1,191.36785714285713,36.26720679358817,128.0,255.0,128
dos,0x510,1585,192.9937525252525,191.36221956041672,26.59899999999027,1998.0820000000108,8.0,0.0,0.0,0.0,0.0,0,0,1,0.0,0.0,0,0,1,0.0,0.0,0.0,0.0,1,0.0,0.0,0.0,0.0,1,0.0,0.0,0.0,0.0,1,0.0,0.0,0.0,0.0,1,0.0,0.0,0.0,0.0,1,0.0,0.0,0.0,0.0,1
dos,0x517,758,404.23303038309115,378.35969362072854,157.92300000001092,2790.025,8.0,0.0,0.0,0.0,0.0,0,0,1,0.0,0.0,0,0,1,0.0,0.0,0.0,0.0,1,0.0,0.0,0.0,0.0,1,0.0,0.0,0.0,0.0,1,0.0,0.0,0.0,0.0,1,0.0,0.0,0.0,0.0,1,0.0,0.0,0.0,0.0,1
dos,0x51a,329,926.2360975609756,1128.7914745029532,11.835999999998847,8730.190999999992,8.0,0.5435644431995964,0.0,0.0,0.0,0,0,1,3.0,0.0,3,3,1,0.0,0.0,0.0,0.0,1,0.0,0.0,0.0,0.0,1,0.0,0.0,0.0,0.0,1,0.0,0.0,0.0,0.0,1,0.0,0.0,0.0,0.0,1,0.0,0.0,0.0,0.0,1
dos,0x545,8493,36.067364225153085,42.47174379777441,3.6299999999869215,549.0800000000036,8.0,2.3561852351387946,0.10894339483969898,216.0,0.0,216,216,1,14.65324384787472,2.23458774171235,7,24,15,0.0,0.0,0.0,0.0,1,138.1808548216178,1.0704245151910432,129.0,145.0,17,41.734958200871304,30.24388305797809,0.0,255.0,152,2.2818791946308723,24.015414418159363,0.0,255.0,2,42.14400094195219,28.22681852239767,0.0,255.0,148,1.5913104909925821,20.082315409779813,0.0,255.0,2
dos,0x587,1548,197.94033484162898,197.03057973466548,9.833000000014636,2170.4900000000007,8.0,0.5035345035841222,0.14201931261612222,0.0,0.0,0,0,1,0.0,0.0,0,0,1,0.0,0.0,0.0,0.0,1,0.0,0.0,0.0,0.0,1,0.0,0.0,0.0,0.0,1,0.0,0.0,0.0,0.0,1,0.0,0.0,0.0,0.0,1,6.905684754521964,4.326391849392828,0.0,14.0,15
dos,0x59b,1485,206.2093807277628,223.4487727043598,9.328000000010661,2251.041999999984,8.0,0.40373843828225914,0.23767872023220865,0.0,0.0,0,0,1,0.0,0.0,0,0,1,0.0,0.0,0.0,0.0,1,0.0,0.0,0.0,0.0,1,0.0,0.0,0.0,0.0,1,0.0,0.0,0.0,0.0,1,0.0,0.0,0.0,0.0,1,102.02558922558923,73.50942431653694,0.0,196.0,4
dos,0x5a0,2968,103.21338523761374,140.3575238881153,0.027999999986150215,1529.6850000000006,4.757412398921833,0.0,0.0,0.0,0.0,0,0,1,0.0,0.0,0,0,1,0.0,0.0,0.0,0.0,1,0.0,0.0,0.0,0.0,1,0.0,0.0,0.0,0.0,1,0.0,0.0,0.0,0.0,1,0.0,0.0,0.0,0.0,1,0.0,0.0,0.0,0.0,1
dos,0x5a2,2602,117.7253479430988,190.11953252629277,0.03399999999942338,4088.9929999999877,2.121445042275173,1.0607225211375866,0.9983465457050128,32.03478260869565,0.39054306176283154,32,37,3,0.0,0.0,0,0,1,165.0,0.0,165.0,165.0,1,1.0,0.0,1.0,1.0,1,,,,,0,,,,,0,,,,,0,,,,,0
dos,0x5e4,570,537.5813110720563,718.4033956029161,8.843000000013035,7260.7779999999875,3.0,0.9182958340544897,1.1111981877684718e-16,0.0,0.0,0,0,1,2.0,0.0,2,2,1,0.0,0.0,0.0,0.0,1,,,,,0,,,,,0,,,,,0,,,,,0,,,,,0
dos,0x5f0,330,928.4645927051672,1029.4057682731418,0.3659999999996444,8180.3119999999935,2.0,0.0,0.0,0.0,0.0,0,0,1,0.0,0.0,0,0,1,,,,,0,,,,,0,,,,,0,,,,,0,,,,,0,,,,,0
dos,0x690,379,803.6919470899472,1125.2045408980443,1.5050000000087493,9041.404,8.0,2.949208443271768,0.1007217673885693,3.0,0.0,3,3,1,72.0,0.0,72,72,1,1.0,0.0,1.0,1.0,1,0.0,0.0,0.0,0.0,1,128.0,0.0,128.0,128.0,1,32.0,0.0,32.0,32.0,1,29.899736147757256,18.587714977326986,0.0,60.0,16,8.04221635883905,0.4092984650451235,8.0,12.0,2
fuzzy,0x18,3051,113.81580459016392,130.13470469793032,29.694000000006326,1280.079999999998,8.0,2.0463538296127095,0.0795581462527951,40.0,0.0,40,40,1,0.0,0.0,0,0,1,0.006227466404457555,0.07868109139882298,0.0,1.0,2,96.0,0.0,96.0,96.0,1,0.007866273352999017,0.08835696868158929,0.0,1.0,2,26.3992133726647,42.87200071471652,0.0,96.0,2,160.0,0.0,160.0,160.0,1,20.0,0.0,20.0,20.0,1
fuzzy,0x34,173,2015.2811104651164,1501.6950684733415,626.3199999999997,8000.604999999979,8.0,0.0,0.0,0.0,0.0,0,0,1,0.0,0.0,0,0,1,0.0,0.0,0.0,0.0,1,0.0,0.0,0.0,0.0,1,0.0,0.0,0.0,0.0,1,0.0,0.0,0.0,0.0,1,0.0,0.0,0.0,0.0,1,0.0,0.0,0.0,0.0,1
fuzzy,0x42,158,2197.1993885350316,1946.6590182379514,963.0749999999964,11999.989,8.0,0.954434002924965,0.0,255.0,0.0,255,255,1,0.0,0.0,0,0,1,255.0,0.0,255.0,255.0,1,255.0,0.0,255.0,255.0,1,0.0,0.0,0.0,0.0,1,0.0,0.0,0.0,0.0,1,0.0,0.0,0.0,0.0,1,0.0,0.0,0.0,0.0,1
fuzzy,0x43,161,2162.2520062500002,1900.395574458063,963.0679999999998,13999.911999999995,8.0,0.5435644431995964,0.0,1.0,0.0,1,1,1,0.0,0.0,0,0,1,0.0,0.0,0.0,0.0,1,0.0,0.0,0.0,0.0,1,0.0,0.0,0.0,0.0,1,0.0,0.0,0.0,0.0,1,0.0,0.0,0.0,0.0,1,0.0,0.0,0.0,0.0,1
fuzzy,0x44,162,2155.0324844720494,1628.8635538533802,962.3209999999958,10000.160999999991,8.0,1.0612781244591327,2.227331169803193e-16,0.0,0.0,0,0,1,0.0,0.0,0,0,1,0.0,0.0,0.0,0.0,1,255.0,0.0,255.0,255.0,1,88.0,0.0,88.0,88.0,1,0.0,0.0,0.0,0.0,1,0.0,0.0,0.0,0.0,1,0.0,0.0,0.0,0.0,1
fuzzy,0x50,731,475.107195890411,533.0835476385208,29.563000000003115,5999.894000000012,4.0,0.01886693312695658,0.12235542044956581,0.0,0.0,0,0,1,0.047879616963064295,0.33377092752876897,0,3,4,0.0,0.0,0.0,0.0,1,0.0,0.0,0.0,0.0,1,,,,,0,,,,,0,,,,,0,,,,,0
fuzzy,0x80,16395,21.185812553373182,21.8411093000547,8.20099999999968,310.3319999999883,8.0,2.6634052806112307,0.18662753113274128,0.0,0.0,0,0,1,23.0,0.0,23,23,1,171.90558096980786,76.33989963099535,0.0,254.0,128,9.170051845074719,0.3758521249214368,8.0,10.0,3,24.36895394937481,1.890132160138101,19.0,36.0,18,19.518999695028974,2.573487818263413,16.0,24.0,7,24.43519365660262,1.893850982003634,19.0,36.0,18,128.14156755108266,73.75794121158908,0.0,255.0,256
fuzzy,0x81,16627,20.890180620714542,20.442106017958373,8.17299999999932,290.39900000000074,8.0,2.0,0.0,64.0,0.0,64,64,1,132.0,0.0,132,132,1,141.6426294581103,3.849903289360502,133.0,144.0,4,0.0,0.0,0.0,0.0,1,0.0,0.0,0.0,0.0,1,0.0,0.0,0.0,0.0,1,0.0,0.0,0.0,0.0,1,127.80621880074578,75.81407009841435,2.0,250.0,64
fuzzy,0xa0,1638,212.02781185094685,198.42446239323695,84.54400000000106,2500.6659999999956,8.0,2.7383339295212084,0.05725701186421294,67.66666666666667,2.429708208660106,64,88,21,131.32722832722834,2.754083503041637,124,136,13,170.63492063492063,76.53205589050205,0.0,254.0,111,9.174603174603174,0.37974325962095173,9.0,10.0,2,0.0,0.0,0.0,0.0,1,35.623931623931625,0.6136016231642769,34.0,42.0,7,0.0,0.0,0.0,0.0,1,2.0,0.0,2.0,2.0,1
fuzzy,0xa1,1560,222.69960872354073,208.4869584014402,84.53000000000088,1602.0620000000179,8.0,1.9938335703156385,0.17192271747207455,128.20192307692307,1.0465111195130323,124,135,11,143.55448717948718,0.5235742053621277,142,144,3,128.0,0.0,128.0,128.0,1,128.0,0.0,128.0,128.0,1,36.43910256410256,1.1917545303228585,35.0,45.0,10,0.0,0.0,0.0,0.0,1,0.0,0.0,0.0,0.0,1,0.0,0.0,0.0,0.0,1
fuzzy,0x110,5091,68.2137935166994,65.11465788524063,28.81600000000617,689.9339999999938,8.0,2.0,0.0,224.0,0.0,224,224,1,27.89628756629346,22.592700282568202,12,60,2,48.0,0.0,48.0,48.0,1,9.0,0.0,9.0,9.0,1,0.0,0.0,0.0,0.0,1,0.0,0.0,0.0,0.0,1,0.0,0.0,0.0,0.0,1,0.0,0.0,0.0,0.0,1
fuzzy,0x120,698,493.5841190817791,535.6144474626227,26.98999999999785,4600.225000000002,4.0,0.8112781244591328,0.0,0.0,0.0,0,0,1,18.0,0.0,18,18,1,0.0,0.0,0.0,0.0,1,0.0,0.0,0.0,0.0,1,,,,,0,,,,,0,,,,,0,,,,,0
fuzzy,0x153,42704,8.133488794698264,9.148044547324956,0.0529999999798747,204.24800000000687,7.7431622330460845,2.6968479455841963,0.5601226583294086,82.60651295574964,85.05376532751555,0,255,256,139.0795732223647,61.85116110441251,0,255,256,94.5823675997387,75.05451466129117,0.0,255.0,256,172.09873466721507,85.43922843254795,0.0,255.0,256,83.32997846756828,85.3616163501671,0.0,255.0,256,172.05204074226404,85.323252201344,0.0,255.0,256,122.27087315220284,72.6760288570406,0.0,255.0,256,128.8959427092154,74.80239257539941,0.0,255.0,256
fuzzy,0x164,41590,8.351310394575487,9.525361602110882,0.05899999999314787,196.5720000000033,7.735320990622746,2.521724868547434,0.7024839158549349,84.75789526035709,85.24004568577224,0,255,256,87.76943353061122,82.67370976927337,0,255,256,84.94685930273039,84.65104902140015,0.0,255.0,256,85.43266026756851,85.42409777888787,0.0,255.0,256,85.48585069876162,85.31041376098007,0.0,255.0,256,84.7056746406724,85.0365737118483,0.0,255.0,256,87.31061321927687,82.60153588247577,0.0,255.0,256,87.30544089123191,82.80109611085743,0.0,255.0,256
fuzzy,0x165,14442,24.051541513745583,25.603787837664346,8.714999999995143,280.31899999999155,8.0,2.6386036694792163,0.1712872972319506,40.721368231546876,84.16549739976145,0,255,65,136.05234732031573,117.7206380976881,7,248,26,127.47161058025205,0.49921067382058704,127.0,128.0,2,2.0,0.0,2.0,2.0,1,0.0,0.0,0.0,0.0,1,0.0,0.0,0.0,0.0,1,7.484489682869409,4.583044305958387,0.0,15.0,16,132.40257582052348,15.650415039429806,0.0,238.0,187
fuzzy,0x18f,16568,20.964577412929316,21.022726241429957,7.621999999997797,329.6490000000034,8.0,1.5357728499179961,0.05555298477044796,0.0,0.0,0,0,1,63.86359246740705,4.563150308304863,52,71,20,24.45877595364558,1.9002378386835987,19.0,36.0,18,0.0,0.0,0.0,0.0,1,0.0,0.0,0.0,0.0,1,63.0,0.0,63.0,63.0,1,0.0,0.0,0.0,0.0,1,0.0,0.0,0.0,0.0,1
fuzzy,0x1f1,36333,9.559666767587801,10.769761068733667,0.04199999999343618,211.18999999998778,7.693721960751933,2.3368937511142494,1.0985764934185467,100.29145441016541,81.71055222546077,0,255,256,98.85009444221853,84.08953301926445,0,255,256,98.68341823593383,83.70518996425423,0.0,255.0,256,99.10374334611642,84.13012977793407,0.0,255.0,256,99.33735905214355,84.37289842204638,0.0,255.0,256,98.95887470665674,84.03311221109358,0.0,255.0,256,98.95449602197928,83.88159526518055,0.0,255.0,256,98.40959303989469,83.90389568059834,0.0,255.0,256
fuzzy,0x220,41538,8.361953463177407,9.569880255688552,0.04500000000007276,227.0419999999831,7.737493379556069,2.806690178044633,0.531113561181959,149.03128811449906,67.7735056102181,0,255,256,86.44087118855009,84.27634659823211,0,255,256,160.78738021157437,84.32075538952454,0.0,255.0,256,85.90894835096454,83.93388571151961,0.0,255.0,256,89.35367766023647,81.24509897394701,0.0,255.0,256,85.9762538892346,85.41821732571431,0.0,255.0,256,106.94516490354698,67.5251309260002,0.0,255.0,256,90.15965152457996,79.88623395021122,0.0,255.0,256
fuzzy,0x260,16556,20.979701963153126,21.306181336759995,5.824999999999747,378.0169999999998,8.0,2.9356044738310434,0.11241561865304854,5.0,0.0,5,5,1,24.44050495288717,1.8958760404235293,19,36,18,0.0,0.0,0.0,0.0,1,48.0,0.0,48.0,48.0,1,0.8076226141580092,0.39417979684096865,0.0,1.0,2,137.74124184585648,0.8962312469786801,136.0,140.0,5,93.86603044213578,5.017365528051686,61.0,121.0,28,31.84869533703793,17.917057775670443,0.0,63.0,64
fuzzy,0x2a0,16151,21.50587671826625,21.707339415161986,6.2910000000044874,289.5150000000015,8.0,2.9375116091882854,0.10824982330712304,113.97919633459229,73.29623384154252,2,194,4,0.0,0.0,0,0,1,141.5960002476627,3.893766564230347,133.0,144.0,4,157.0,0.0,157.0,157.0,1,187.60708315274596,0.7946629126403595,186.0,188.0,2,12.0,0.0,12.0,12.0,1,183.0,0.0,183.0,183.0,1,2.0,0.0,2.0,2.0,1
fuzzy,0x2b0,13620,25.50321609516117,28.75472510699389,7.285999999993464,410.86099999999703,5.0,2.003984997406265,0.2078748136285828,42.16784140969163,8.255396784706686,35,59,12,58.67621145374449,107.33304231765399,0,255,2,0.024375917767988253,0.1542189308035253,0.0,1.0,2,7.0,0.0,7.0,7.0,1,127.61101321585903,75.48869356018731,0.0,255.0,108,,,,,0,,,,,0,,,,,0
fuzzy,0x2c0,31645,10.975249683984325,12.443069177320297,0.045999999997548,202.51700000000028,7.665033970611471,2.5941804738064476,0.9226464301581397,119.01058707124011,72.75694600365719,0,255,256,113.8058377308707,80.31273883525381,0,255,256,113.49795514511874,80.24596449795486,0.0,255.0,256,113.05600263852243,80.27492522836873,0.0,255.0,256,113.58594986807388,80.33317852773291,0.0,255.0,256,112.60174802110818,80.31215241481623,0.0,255.0,256,112.52803430079156,80.09870271041328,0.0,255.0,256,113.93179419525066,80.57559860333946,0.0,255.0,256
fuzzy,0x316,19758,17.579682897200993,15.107832088380672,6.213999999999942,260.122999999993,8.0,2.769045848031259,0.12552926872463246,46.60846239497925,10.024222990846022,5,53,3,24.379643688632452,1.9223064450584526,19,36,18,171.41178256908594,76.57844821113552,0.0,254.0,128,9.172487093835409,0.37808065373180705,8.0,10.0,3,24.446502682457737,1.9251698512298376,19.0,36.0,18,19.31045652393967,2.511961158694658,16.0,24.0,6,0.0,0.0,0.0,0.0,1,127.0,0.0,127.0,127.0,1
fuzzy,0x329,15886,21.86476355051936,22.82596548925601,5.5529999999919255,400.1389999999958,8.0,3.0,0.0,106.53405514289311,75.15411720652489,15,215,4,185.57805615006924,3.6860651799433697,177,191,15,128.0,0.0,128.0,128.0,1,140.0,0.0,140.0,140.0,1,17.0,0.0,17.0,17.0,1,44.65806370389022,0.7158708073917902,41.0,52.0,12,0.0,0.0,0.0,0.0,1,16.0,0.0,16.0,16.0,1
fuzzy,0x350,7968,43.58983732898204,44.490532745481936,15.461000000001945,600.3289999999879,8.0,2.741460814543281,0.0503918038568105,5.0,0.0,5,5,1,32.0,0.0,32,32,1,124.16867469879519,73.73029096204395,4.0,244.0,16,95.0,0.0,95.0,95.0,1,139.92557730923696,2.9856538983950096,134.0,143.0,4,0.0,0.0,0.0,0.0,1,0.0,0.0,0.0,0.0,1,123.05308734939759,73.77826680465449,0.0,248.0,64
fuzzy,0x370,16016,21.687192756790505,21.9562946346068,6.330999999988762,259.5410000000129,8.0,2.155639062229567,8.882061488464051e-16,255.0,0.0,255,255,1,32.0,0.0,32,32,1,0.0,0.0,0.0,0.0,1,128.0,0.0,128.0,128.0,1,255.0,0.0,255.0,255.0,1,0.0,0.0,0.0,0.0,1,0.0,0.0,0.0,0.0,1,134.6068931068931,72.59083428740458,40.0,236.0,4
fuzzy,0x382,8152,42.60947846889952,41.205356848388824,16.54600000000528,579.6369999999981,8.0,1.8879736211932636,0.1949400445681801,64.0,0.0,64,64,1,254.0,0.0,254,254,1,15.0,0.0,15.0,15.0,1,0.0,0.0,0.0,0.0,1,0.0,0.0,0.0,0.0,1,0.0,0.0,0.0,0.0,1,0.0,0.0,0.0,0.0,1,6.016683022571148,4.470184094191479,0.0,12.0,4
fuzzy,0x43f,16684,20.8188205958161,21.10603190174647,5.369999999999209,310.53499999999445,8.0,2.734231842445999,0.06112672379200079,0.0,0.0,0,0,1,64.0,0.0,64,64,1,96.0,0.0,96.0,96.0,1,255.0,0.0,255.0,255.0,1,118.01372572524575,1.9896913615571516,114.0,119.0,2,108.14169263965476,37.34727218888736,0.0,252.0,64,8.992747542555742,0.08694790635376892,8.0,10.0,3,0.0,0.0,0.0,0.0,1
fuzzy,0x440,15831,21.940643398610234,22.309180847057338,6.162000000017542,269.10600000002205,8.0,2.0506188974552733,0.17642992609389507,255.0,0.0,255,255,1,120.51797106942075,89.69005119556864,0,240,4,0.0,0.0,0.0,0.0,1,0.0,0.0,0.0,0.0,1,255.0,0.0,255.0,255.0,1,109.95540395426694,38.19452530711685,0.0,252.0,64,8.992735771587391,0.08997950694339098,8.0,10.0,3,0.0,0.0,0.0,0.0,1
fuzzy,0x4b0,35834,9.692917645745542,10.827425851073205,0.038999999986799594,194.56700000000637,7.701289278339008,2.201942037633413,1.304946770862709,98.57102272727273,84.30736186855849,0,255,256,97.40439471243043,83.94156691327758,0,255,256,98.625,84.39592585150886,0.0,255.0,256,97.8756957328386,84.28748129937163,0.0,255.0,256,98.04101924860854,84.1614415997351,0.0,255.0,256,98.07432745825604,84.03701919390221,0.0,255.0,256,97.91425092764378,83.99656298475833,0.0,255.0,256,97.50791396103897,83.67263077972332,0.0,255.0,256
fuzzy,0x4b1,36043,9.636681316242164,10.81692475264678,0.0759999999786487,207.6359999999795,7.711677718280942,2.3518632688604564,1.0694263538774655,97.66641722311766,83.93723142789487,0,255,256,98.06101772967995,84.35477098559689,0,255,256,97.9805721851255,83.4021208574889,0.0,255.0,256,97.69266635965923,84.16498366243653,0.0,255.0,256,97.80477204697213,83.88673687385078,0.0,255.0,256,98.41094865300484,84.22625590914407,0.0,255.0,256,98.25307966843197,84.20805010141066,0.0,255.0,256,98.2170734515312,83.54791579344837,0.0,255.0,256
fuzzy,0x4f0,7857,44.21123816191446,44.07859971003597,13.665000000003147,419.30200000001605,8.0,1.9948873751508633,0.04384553103113112,0.0,0.0,0,0,1,0.0,0.0,0,0,1,126.81965126638666,73.02452075918411,0.0,254.0,128,0.0,0.0,0.0,0.0,1,0.0,0.0,0.0,0.0,1,147.0,0.0,147.0,147.0,1,205.0,0.0,205.0,205.0,1,4.0,0.0,4.0,4.0,1
fuzzy,0x4f1,1535,226.32319752281614,231.91111030404673,95.03399999999829,2298.3249999999985,8.0,1.0612781244591327,2.2211696751614084e-16,77.05016286644951,25.794129506300436,64,128,2,24.0,0.0,24,24,1,0.0,0.0,0.0,0.0,1,0.0,0.0,0.0,0.0,1,0.0,0.0,0.0,0.0,1,0.0,0.0,0.0,0.0,1,0.0,0.0,0.0,0.0,1,0.0,0.0,0.0,0.0,1
fuzzy,0x4f2,8469,41.01399811053377,39.15741050814166,12.847999999998194,401.31900000000087,8.0,1.540544003617737,0.06142102829784,0.0,0.0,0,0,1,0.0,0.0,0,0,1,122.28126106978392,73.37233814092924,0.0,246.0,64,56.0,0.0,56.0,56.0,1,0.0,0.0,0.0,0.0,1,0.0,0.0,0.0,0.0,1,0.0,0.0,0.0,0.0,1,191.13130239697722,36.97265326218736,128.0,255.0,128
fuzzy,0x510,1641,211.66379573170732,183.35679245675843,95.29900000001135,1400.1759999999877,8.0,0.0,0.0,0.0,0.0,0,0,1,0.0,0.0,0,0,1,0.0,0.0,0.0,0.0,1,0.0,0.0,0.0,0.0,1,0.0,0.0,0.0,0.0,1,0.0,0.0,0.0,0.0,1,0.0,0.0,0.0,0.0,1,0.0,0.0,0.0,0.0,1
fuzzy,0x517,761,453.9839947368421,459.26756028799207,26.329000000004044,4600.452000000004,8.0,0.0,0.0,0.0,0.0,0,0,1,0.0,0.0,0,0,1,0.0,0.0,0.0,0.0,1,0.0,0.0,0.0,0.0,1,0.0,0.0,0.0,0.0,1,0.0,0.0,0.0,0.0,1,0.0,0.0,0.0,0.0,1,0.0,0.0,0.0,0.0,1
fuzzy,0x51a,782,443.38050704225356,406.7876928800199,99.7029999999981,3000.1340000000027,8.0,0.5435644431995963,1.1109335674336528e-16,0.0,0.0,0,0,1,3.0,0.0,3,3,1,0.0,0.0,0.0,0.0,1,0.0,0.0,0.0,0.0,1,0.0,0.0,0.0,0.0,1,0.0,0.0,0.0,0.0,1,0.0,0.0,0.0,0.0,1,0.0,0.0,0.0,0.0,1
fuzzy,0x545,15293,22.712631506670153,24.39571170929297,3.847000000000378,390.6599999999969,8.0,2.3876142264504674,0.15462329694570354,216.0,0.0,216,216,1,14.800954685150069,2.179376050021562,7,24,14,0.0,0.0,0.0,0.0,1,138.1813247891192,1.1432851177925019,129.0,145.0,17,64.49624010985418,70.33237624987595,0.0,255.0,180,30.180474726999282,82.37477591563466,0.0,255.0,2,63.547766952200355,68.50228891024788,0.0,255.0,183,28.179559275485516,79.95072251713307,0.0,255.0,2
fuzzy,0x587,1663,208.90367689530683,203.0582651652005,84.07600000000315,1800.0660000000153,8.0,0.50695637486625,0.13627127391878138,0.0,0.0,0,0,1,0.0,0.0,0,0,1,0.0,0.0,0.0,0.0,1,0.0,0.0,0.0,0.0,1,0.0,0.0,0.0,0.0,1,0.0,0.0,0.0,0.0,1,0.0,0.0,0.0,0.0,1,6.989176187612748,4.319644571565496,0.0,14.0,15
fuzzy,0x59b,1537,226.06069466145837,237.09923645701042,95.64200000002643,2300.077999999999,8.0,0.4116519270555173,0.23310382743540797,0.0,0.0,0,0,1,0.0,0.0,0,0,1,0.0,0.0,0.0,0.0,1,0.0,0.0,0.0,0.0,1,0.0,0.0,0.0,0.0,1,0.0,0.0,0.0,0.0,1,0.0,0.0,0.0,0.0,1,104.36174365647365,72.97305648661943,0.0,196.0,4
fuzzy,0x5a0,29891,11.620147708263632,13.320147857453653,0.07200000000295859,251.71999999997752,7.645913485664582,2.663293751724755,0.910758783577254,118.76662699523943,78.38009027522037,0,255,256,119.73179781573789,77.7227501072389,0,255,256,119.1819518342201,77.80765355863399,0.0,255.0,256,119.26288154578549,77.92328418072101,0.0,255.0,256,119.93765751890227,77.9710720686446,0.0,255.0,256,119.56531783814057,77.706844157413,0.0,255.0,256,119.03517922150658,77.84248430444072,0.0,255.0,256,119.23512321478577,77.9805569269219,0.0,255.0,256
fuzzy,0x5a2,29368,11.826464194504034,13.570619355252779,0.041999999999653426,263.3660000000191,7.451103241623536,2.794666423753904,0.6405268273238145,121.89879955829444,75.2328676781658,0,255,256,120.54447333737043,77.22134672138381,0,255,256,129.47657891924626,72.31774264259407,0.0,255.0,256,121.38346453888077,77.12204906410774,0.0,255.0,256,128.06784815829985,74.28106720401661,0.0,255.0,256,127.29970337551158,73.90362396806684,0.0,255.0,256,127.58055795441746,73.78310500068892,0.0,255.0,256,127.2422933954117,74.10576779031919,0.0,255.0,256
fuzzy,0x5e4,1330,261.075258841234,299.91146332746496,60.42500000000217,3386.2940000000067,3.0,0.9182958340544898,2.2212812744253283e-16,0.0,0.0,0,0,1,2.0,0.0,2,2,1,0.0,0.0,0.0,0.0,1,,,,,0,,,,,0,,,,,0,,,,,0,,,,,0
fuzzy,0x5f0,688,502.5678879184862,620.1772021005386,152.68499999999818,5998.166000000005,2.0,0.0,0.0,0.0,0.0,0,0,1,0.0,0.0,0,0,1,,,,,0,,,,,0,,,,,0,,,,,0,,,,,0,,,,,0
fuzzy,0x690,1411,246.1548574468085,259.6762286185479,92.15599999998858,2405.470000000001,8.0,2.873440155470624,0.1489830421420092,3.0,0.0,3,3,1,72.0,0.0,72,72,1,1.0,0.0,1.0,1.0,1,0.4316087880935507,1.0532456584565002,0.0,3.0,2,128.24946846208363,2.815381649216007,128.0,160.0,2,43.79305457122608,34.409832545949456,0.0,96.0,4,29.964564138908575,18.43790091679885,0.0,60.0,16,8.0,0.0,8.0,8.0,1
impersonation,0x18,2355,205.01395627008014,48.30545549209047,39.78586196899414,1200.026035308838,8.0,2.0,0.0,41.270488322717625,8.212313809437944,40,168,3,0.0,0.0,0,0,1,0.0,0.0,0.0,0.0,1,96.0,0.0,96.0,96.0,1,0.0,0.0,0.0,0.0,1,0.0,0.0,0.0,0.0,1,160.0,0.0,160.0,160.0,1,20.0,0.0,20.0,20.0,1
impersonation,0x34,470,1025.5928954590104,204.91514906250177,999.748945236206,4000.009059906006,8.0,0.0,0.0,0.0,0.0,0,0,1,0.0,0.0,0,0,1,0.0,0.0,0.0,0.0,1,0.0,0.0,0.0,0.0,1,0.0,0.0,0.0,0.0,1,0.0,0.0,0.0,0.0,1,0.0,0.0,0.0,0.0,1,0.0,0.0,0.0,0.0,1
impersonation,0x42,472,1023.4425989179348,164.49933207475425,999.6190071105957,3000.0908374786377,8.0,0.9544340029249648,2.222801960840583e-16,255.0,0.0,255,255,1,0.0,0.0,0,0,1,255.0,0.0,255.0,255.0,1,255.0,0.0,255.0,255.0,1,0.0,0.0,0.0,0.0,1,0.0,0.0,0.0,0.0,1,0.0,0.0,0.0,0.0,1,0.0,0.0,0.0,0.0,1
impersonation,0x43,470,1027.8069617143317,176.6920521180775,999.6190071105957,3000.091075897217,8.0,0.5435644431995964,0.0,1.0,0.0,1,1,1,0.0,0.0,0,0,1,0.0,0.0,0.0,0.0,1,0.0,0.0,0.0,0.0,1,0.0,0.0,0.0,0.0,1,0.0,0.0,0.0,0.0,1,0.0,0.0,0.0,0.0,1,0.0,0.0,0.0,0.0,1
impersonation,0x44,474,1019.1151440521627,185.4304101967655,39.988040924072266,3000.8389949798584,8.0,1.0612781244591325,4.445584009052264e-16,0.0,0.0,0,0,1,0.0,0.0,0,0,1,0.0,0.0,0.0,0.0,1,255.0,0.0,255.0,255.0,1,92.20886075949367,0.406924173399263,92.0,93.0,2,0.0,0.0,0.0,0.0,1,0.0,0.0,0.0,0.0,1,0.0,0.0,0.0,0.0,1
impersonation,0x50,2340,206.3288097454983,45.985765067659884,199.6469497680664,1000.1258850097656,4.0,0.0,0.0,0.0,0.0,0,0,1,0.0,0.0,0,0,1,0.0,0.0,0.0,0.0,1,0.0,0.0,0.0,0.0,1,,,,,0,,,,,0,,,,,0,,,,,0
impersonation,0x80,47371,10.188719167824106,3.568687070157341,8.36801528930664,630.1331520080566,8.0,2.7645244776163747,0.1264910171143227,0.0,0.0,0,0,1,23.0,0.0,23,23,1,178.39116759198666,68.73773276696731,0.0,254.0,128,9.224166684258302,0.41703675301366144,9.0,10.0,2,25.249287538789556,1.2232630381531162,21.0,31.0,11,18.01087163032235,1.00701991507617,17.0,21.0,3,25.32087141922273,1.2161112733854202,21.0,31.0,11,128.0783179582445,73.52567624544581,0.0,255.0,256
impersonation,0x81,47306,10.2027190788744,3.6120358416782685,8.372068405151367,630.1348209381104,8.0,1.99055413876068,0.0574538604774636,77.0,0.0,77,77,1,132.0,0.0,132,132,1,95.57449372172663,1.7714573605086017,93.0,99.0,7,0.0,0.0,0.0,0.0,1,0.0,0.0,0.0,0.0,1,0.0,0.0,0.0,0.0,1,0.0,0.0,0.0,0.0,1,127.6034541073014,72.09410024143888,0.0,254.0,112
impersonation,0xa0,4709,102.50631863521942,22.497959802006335,89.82610702514648,708.4410190582275,8.0,2.7414262718303775,0.049077049398198236,66.10469314079423,1.2432815440553038,63,69,7,123.18836270970482,2.9172210926236035,118,126,9,178.20556381397324,68.22535160153407,0.0,254.0,127,9.222764918241666,0.4161459903616428,9.0,10.0,2,0.0,0.0,0.0,0.0,1,35.31471650031854,0.4863450081753122,34.0,37.0,4,0.0,0.0,0.0,0.0,1,2.0,0.0,2.0,2.0,1
impersonation,0xa1,4700,102.70264996546688,23.267703784717007,89.82396125793457,708.4429264068604,8.0,2.0048529324568958,0.17086429626501298,128.5827659574468,0.7581302313321608,125,132,8,140.51851063829787,0.4997104022936462,140,141,2,128.0,0.0,128.0,128.0,1,128.0,0.0,128.0,128.0,1,36.102765957446806,0.6921817431550622,34.0,38.0,5,0.0,0.0,0.0,0.0,1,0.0,0.0,0.0,0.0,1,0.0,0.0,0.0,0.0,1
impersonation,0x110,4697,102.76896868288213,22.340704208011466,98.58512878417969,700.0031471252441,8.0,2.0,0.0,224.0,0.0,224,224,1,60.0,0.0,60,60,1,48.0,0.0,48.0,48.0,1,9.0,0.0,9.0,9.0,1,0.0,0.0,0.0,0.0,1,0.0,0.0,0.0,0.0,1,0.0,0.0,0.0,0.0,1,0.0,0.0,0.0,0.0,1
impersonation,0x120,2372,203.45975577403905,39.05341110621483,29.87504005432129,799.8929023742676,4.0,1.1896444887227728,0.5538416613455424,20.553119730185497,30.1075417248086,0,72,3,18.0,0.0,18,18,1,2.8646711635750424,4.1932221949241955,0.0,9.0,2,0.0,0.0,0.0,0.0,1,,,,,0,,,,,0,,,,,0,,,,,0
impersonation,0x153,47406,10.181235668591563,3.613783488038132,8.61501693725586,628.6280155181885,8.0,2.4437513199955205,0.11430321198516598,0.0,0.0,0,0,1,128.0,0.0,128,128,1,16.0,0.0,16.0,16.0,1,255.0,0.0,255.0,255.0,1,0.0,0.0,0.0,0.0,1,255.0,0.0,255.0,255.0,1,112.02733831160613,69.15459425628465,0.0,224.0,15,134.51639033033794,76.11228566262075,14.0,254.0,15
impersonation,0x164,57472,8.397997648399732,4.811405061627238,0.025987625122070312,628.5068988800049,8.0,1.609535280410321,0.5161105927364751,0.09912653118040089,0.2988344287924808,0,1,2,7.405240812917595,1.7930065727548847,2,8,2,0.2973795935412027,0.8965032863774424,0.0,3.0,2,0.39650612472160357,1.1953377151699232,0.0,4.0,2,0.49563265590200445,1.494172143962404,0.0,5.0,2,0.5947591870824054,1.7930065727548847,0.0,6.0,2,7.455769766146993,4.380740661059576,0.0,15.0,16,7.545274220489977,4.3759133335068086,0.0,15.0,16
impersonation,0x165,47249,10.215056596511184,3.5771748906878083,8.7738037109375,620.1121807098389,8.0,2.3671140300031372,0.1138658957978093,15.635801815911448,19.33717571580904,0,255,73,213.592795614722,61.06492775621334,7,248,29,127.07858367372855,0.2701112739409067,126.0,129.0,4,0.0,0.0,0.0,0.0,1,0.0,0.0,0.0,0.0,1,0.0,0.0,0.0,0.0,1,7.4982116023619545,4.613705534664183,0.0,15.0,16,148.09081673686217,20.367899325193722,2.0,255.0,213
impersonation,0x18f,47340,10.195396228491242,3.6434857528292097,7.36689567565918,630.3811073303223,8.0,1.5487949406953982,2.2204695017347666e-16,0.0,0.0,0,0,1,34.07862272919307,0.7129360927940492,33,36,4,25.32078580481622,1.2164728614005087,21.0,31.0,11,0.0,0.0,0.0,0.0,1,0.0,0.0,0.0,0.0,1,63.53618504435995,1.205189345400634,63.0,67.0,5,0.0,0.0,0.0,0.0,1,0.0,0.0,0.0,0.0,1
impersonation,0x1f1,23662,20.397776174079755,5.682397642316524,18.285036087036133,658.6968898773193,8.0,0.0035125373292899213,0.04408486326231751,0.0,0.0,0,0,1,0.0,0.0,0,0,1,0.0,0.0,0.0,0.0,1,0.0,0.0,0.0,0.0,1,0.0,0.0,0.0,0.0,1,0.0049023751162201,0.1055157183468226,0.0,3.0,4,0.12847603752852677,2.2609582954858833,0.0,48.0,4,0.0,0.0,0.0,0.0,1
impersonation,0x220,47257,10.213337292500876,3.765898764867882,8.151054382324219,629.1139125823975,8.0,2.7801542628605285,0.10691306788526825,245.02839790930443,5.212380208738225,0,255,45,3.0003597350657047,0.018963471889990532,3,4,2,169.41077512326217,116.04329148026157,0.0,255.0,32,3.3250523731933894,0.46839937076198734,3.0,4.0,2,10.247116829252809,1.4798328965836338,9.0,24.0,3,0.0,0.0,0.0,0.0,1,60.40779143830544,4.045163736215585,44.0,77.0,34,16.0,0.0,16.0,16.0,1
impersonation,0x260,47336,10.196267859641358,3.641694784769953,6.578922271728516,630.8410167694092,8.0,2.9823231789758324,0.06408449120870809,5.0,0.0,5,5,1,25.320453777251984,1.2164503636943405,21,31,11,0.0,0.0,0.0,0.0,1,48.0,0.0,48.0,48.0,1,255.0,0.0,255.0,255.0,1,144.10383217846882,1.2037990007820425,143.0,148.0,6,93.83885414906203,2.3363463798989454,83.0,111.0,14,30.385752915328712,18.601236598542393,0.0,63.0,64
impersonation,0x2a0,47183,10.229320671856415,3.787631354814955,6.578922271728516,630.37109375,8.0,2.866360765529958,0.12470241862256087,114.04510098976326,73.26674973709524,2,194,4,0.0,0.0,0,0,1,95.57730538541423,1.7714679849566968,93.0,99.0,7,157.0,0.0,157.0,157.0,1,194.0,0.0,194.0,194.0,1,12.0,0.0,12.0,12.0,1,183.0,0.0,183.0,183.0,1,2.0,0.0,2.0,2.0,1
impersonation,0x2b0,47212,10.223067376692953,3.6516339978850705,6.804943084716797,620.5999851226807,5.0,1.9494115115504715,0.11991270944898515,116.39085402016437,1.7435907425024297,112,120,9,0.0,0.0,0,0,1,0.08383461831737694,0.2771425661343304,0.0,1.0,2,7.0,0.0,7.0,7.0,1,127.3297254935186,76.9846552444536,0.0,255.0,144,,,,,0,,,,,0,,,,,0
impersonation,0x2c0,4728,102.08963147424255,20.018176394316388,97.65100479125977,799.4699478149414,8.0,0.5435644431995963,1.1103404526253396e-16,61.0,0.0,61,61,1,0.0,0.0,0,0,1,0.0,0.0,0.0,0.0,1,0.0,0.0,0.0,0.0,1,0.0,0.0,0.0,0.0,1,0.0,0.0,0.0,0.0,1,0.0,0.0,0.0,0.0,1,0.0,0.0,0.0,0.0,1
impersonation,0x316,47525,10.155707705593823,3.5048206397720687,6.593942642211914,630.3799152374268,8.0,2.7893504724156006,0.10044289142825302,5.0,0.0,5,5,1,25.249952656496582,1.2230927963224612,21,31,11,178.37824302998422,68.72790777611733,0.0,254.0,128,9.224197790636508,0.4170573116627332,9.0,10.0,2,25.32140978432404,1.2162406596362383,21.0,31.0,11,18.010331404523935,1.0070027436513238,17.0,21.0,3,0.0,0.0,0.0,0.0,1,127.0,0.0,127.0,127.0,1
impersonation,0x329,47054,10.257366504020204,3.779747507170699,6.639957427978516,610.2011203765869,8.0,3.0,0.0,106.73872571938624,75.2839291410076,15,215,4,175.11374165851998,3.9129674080263097,168,179,12,128.0,0.0,128.0,128.0,1,140.0,0.0,140.0,140.0,1,17.0,0.0,17.0,17.0,1,44.291494878225016,0.6414088842002741,43.0,47.0,5,0.0,0.0,0.0,0.0,1,16.0,0.0,16.0,16.0,1
impersonation,0x350,23601,20.450064741959004,5.699595245672558,16.076087951660156,640.0139331817627,8.0,2.4839988762261314,0.07555113153820603,5.0,0.0,5,5,1,32.0,0.0,32,32,1,123.93390110588534,73.80838937827782,4.0,244.0,16,100.21626202279565,0.4117037067948296,100.0,101.0,2,100.2168975890852,0.4121410220983904,100.0,101.0,2,0.0,0.0,0.0,0.0,1,0.0,0.0,0.0,0.0,1,120.94233295199356,73.77732717359133,0.0,241.0,32
impersonation,0x370,47156,10.235168445705673,3.726732319627902,6.69407844543457,630.1300525665283,8.0,2.1556390622295676,1.3322817559478806e-15,255.0,0.0,255,255,1,32.0,0.0,32,32,1,0.0,0.0,0.0,0.0,1,128.0,0.0,128.0,128.0,1,255.0,0.0,255.0,255.0,1,0.0,0.0,0.0,0.0,1,0.0,0.0,0.0,0.0,1,134.0083976588345,72.58404430696316,40.0,236.0,4
impersonation,0x382,23523,20.51865764645814,5.960287872094768,17.28510856628418,640.5680179595947,8.0,1.886906218183908,0.19555027150313903,64.0,0.0,64,64,1,254.0,0.0,254,254,1,15.0,0.0,15.0,15.0,1,0.0,0.0,0.0,0.0,1,0.0,0.0,0.0,0.0,1,0.0,0.0,0.0,0.0,1,0.0,0.0,0.0,0.0,1,5.998214513454917,4.4741314728586135,0.0,12.0,4
impersonation,0x43f,47232,10.218698972215124,3.676692970207647,5.745172500610352,630.3739547729492,8.0,2.974567030826558,0.07557464718630477,16.0,0.0,16,16,1,80.0,0.0,80,80,1,100.0,0.0,100.0,100.0,1,255.0,0.0,255.0,255.0,1,86.61303777100271,3.153187353780296,81.0,92.0,12,130.79437669376694,101.3031161182943,0.0,252.0,64,8.51393123306233,0.49981117411474524,8.0,9.0,2,0.0,0.0,0.0,0.0,1
impersonation,0x440,47043,10.259754580404527,3.8365725760669824,6.232023239135742,631.2689781188965,8.0,2.031559128661227,0.19746099496681657,255.0,0.0,255,255,1,120.00595200136046,89.42009012302906,0,240,4,0.0,0.0,0.0,0.0,1,0.0,0.0,0.0,0.0,1,255.0,0.0,255.0,255.0,1,126.55604446995302,101.37831919349884,0.0,252.0,64,8.538379780201092,0.49853011499708777,8.0,9.0,2,0.0,0.0,0.0,0.0,1
impersonation,0x4b0,23666,20.394276907699393,5.724741912493023,16.93892478942871,638.4332180023193,8.0,0.006964931710851489,0.07464386279703258,0.0,0.0,0,0,1,0.0,0.0,0,0,1,0.0,0.0,0.0,0.0,1,0.0,0.0,0.0,0.0,1,0.025564100397194287,0.4486538175635581,0.0,12.0,13,0.0,0.0,0.0,0.0,1,0.038578551508493195,0.592287132590069,0.0,12.0,13,0.0,0.0,0.0,0.0,1
impersonation,0x4b1,23685,20.377946713348837,5.510318176790581,16.917943954467773,618.4859275817871,8.0,1.569936431145258,0.5944538688103969,0.0,0.0,0,0,1,0.6479628456829217,0.47761556462003124,0,1,2,2.2820350432763354,0.9844253695324556,0.0,3.0,4,2.597171205404264,1.9056180825627658,0.0,4.0,5,0.0,0.0,0.0,0.0,1,0.0,0.0,0.0,0.0,1,0.0,0.0,0.0,0.0,1,5.527169094363521,3.3607342931791693,0.0,8.0,8
impersonation,0x4f0,23591,20.459343155039825,5.696771276317664,14.570951461791992,621.2611198425293,8.0,1.9944926395222475,0.045413393881644344,0.0,0.0,0,0,1,0.0,0.0,0,0,1,126.96519859268365,73.8623407180398,0.0,254.0,128,0.0,0.0,0.0,0.0,1,0.0,0.0,0.0,0.0,1,149.0,0.0,149.0,149.0,1,205.0,0.0,205.0,205.0,1,4.0,0.0,4.0,4.0,1
impersonation,0x4f1,4714,102.39295202684636,20.542303902642388,96.46487236022949,701.1079788208008,8.0,1.0612781244591325,4.441363205710195e-16,192.0,0.0,192,192,1,23.0,0.0,23,23,1,0.0,0.0,0.0,0.0,1,0.0,0.0,0.0,0.0,1,0.0,0.0,0.0,0.0,1,0.0,0.0,0.0,0.0,1,0.0,0.0,0.0,0.0,1,0.0,0.0,0.0,0.0,1
impersonation,0x4f2,23663,20.397097751461697,5.505310047246711,14.745950698852539,640.0210857391357,8.0,1.5173766932657788,0.1189104838544707,0.0,0.0,0,0,1,0.0,0.0,0,0,1,120.06389722351351,73.82247212784033,0.0,240.0,16,56.0,0.0,56.0,56.0,1,0.0,0.0,0.0,0.0,1,0.0,0.0,0.0,0.0,1,0.0,0.0,0.0,0.0,1,191.49528800236655,36.94568061438336,128.0,255.0,128
impersonation,0x510,4707,102.5292962042261,22.103486958904657,98.11997413635254,699.9998092651367,8.0,0.0,0.0,0.0,0.0,0,0,1,0.0,0.0,0,0,1,0.0,0.0,0.0,0.0,1,0.0,0.0,0.0,0.0,1,0.0,0.0,0.0,0.0,1,0.0,0.0,0.0,0.0,1,0.0,0.0,0.0,0.0,1,0.0,0.0,0.0,0.0,1
impersonation,0x517,2360,204.4947350515355,38.13990320899067,198.79412651062012,1200.0060081481934,8.0,0.0,0.0,0.0,0.0,0,0,1,0.0,0.0,0,0,1,0.0,0.0,0.0,0.0,1,0.0,0.0,0.0,0.0,1,0.0,0.0,0.0,0.0,1,0.0,0.0,0.0,0.0,1,0.0,0.0,0.0,0.0,1,0.0,0.0,0.0,0.0,1
impersonation,0x51a,2347,205.70288015448529,42.76175245312717,195.30987739562988,800.8360862731934,8.0,0.5435644431995963,1.1104596198382047e-16,0.0,0.0,0,0,1,3.0,0.0,3,3,1,0.0,0.0,0.0,0.0,1,0.0,0.0,0.0,0.0,1,0.0,0.0,0.0,0.0,1,0.0,0.0,0.0,0.0,1,0.0,0.0,0.0,0.0,1,0.0,0.0,0.0,0.0,1
impersonation,0x545,46902,10.290583655085966,4.00797518404177,6.466150283813477,641.2220001220703,8.0,2.362112133740377,0.0948015307784293,218.0,0.0,218,218,1,14.665174192998167,2.2921142358845987,7,23,12,0.0,0.0,0.0,0.0,1,138.27770670760307,0.787661375119795,136.0,141.0,6,53.22248518186858,6.9542596438463535,19.0,95.0,70,0.0,0.0,0.0,0.0,1,54.326403991301014,6.7977480780151485,20.0,97.0,69,0.0,0.0,0.0,0.0,1
impersonation,0x587,4698,102.74952585351501,22.011038130929098,95.24703025817871,700.0250816345215,8.0,0.5070028501704197,0.13616452694591205,0.0,0.0,0,0,1,0.0,0.0,0,0,1,0.0,0.0,0.0,0.0,1,0.0,0.0,0.0,0.0,1,0.0,0.0,0.0,0.0,1,0.0,0.0,0.0,0.0,1,0.0,0.0,0.0,0.0,1,6.979991485738612,4.319034599065901,0.0,14.0,15
impersonation,0x59b,4723,102.18522130609922,19.584460338887816,96.33994102478027,700.7300853729248,8.0,0.4074143825802607,0.23554456036839327,0.0,0.0,0,0,1,0.0,0.0,0,0,1,0.0,0.0,0.0,0.0,1,0.0,0.0,0.0,0.0,1,0.0,0.0,0.0,0.0,1,0.0,0.0,0.0,0.0,1,0.0,0.0,0.0,0.0,1,101.80817277154351,72.53035147959876,0.0,196.0,4
impersonation,0x5a0,477,1011.930006391862,111.47632021711173,995.3939914703369,1999.4330406188965,8.0,0.0,0.0,0.0,0.0,0,0,1,0.0,0.0,0,0,1,0.0,0.0,0.0,0.0,1,0.0,0.0,0.0,0.0,1,0.0,0.0,0.0,0.0,1,0.0,0.0,0.0,0.0,1,0.0,0.0,0.0,0.0,1,0.0,0.0,0.0,0.0,1
impersonation,0x5a2,470,1027.0281575127703,176.578885490272,995.1488971710205,2998.823881149292,4.0,2.0,0.0,37.0,0.0,37,37,1,0.0,0.0,0,0,1,165.0,0.0,165.0,165.0,1,1.0,0.0,1.0,1.0,1,,,,,0,,,,,0,,,,,0,,,,,0
impersonation,0x5e4,4699,102.72688396741299,25.971527479451563,89.36500549316406,800.3110885620117,3.0,0.9182958340544899,3.331023532352914e-16,0.0,0.0,0,0,1,2.0,0.0,2,2,1,0.0,0.0,0.0,0.0,1,,,,,0,,,,,0,,,,,0,,,,,0,,,,,0
impersonation,0x5f0,2358,204.62211876740938,39.84375369046129,195.49322128295898,1196.7079639434814,2.0,0.0,0.0,0.0,0.0,0,0,1,0.0,0.0,0,0,1,,,,,0,,,,,0,,,,,0,,,,,0,,,,,0,,,,,0
impersonation,0x690,4697,102.76383197084196,21.685243343454975,95.89791297912598,701.5290260314941,8.0,2.7128171695195364,0.0997108763210515,6.202043857781563,13.954181384250015,3,67,2,72.0,0.0,72,72,1,1.0,0.0,1.0,1.0,1,0.0,0.0,0.0,0.0,1,128.0,0.0,128.0,128.0,1,0.0,0.0,0.0,0.0,1,30.175005322546305,18.779021524271258,0.0,124.0,27,8.0,0.0,8.0,8.0,1
